lead_id,place_name,website_url,demo_url,source_query,sendable,need,sent_at,channel,template_version,status,reply_at,replied,converted,revenue,notes
0100,Angelite Miracles 2,https://angelite-miracles-2.jimdofree.com/,,函館市 エネルギーワーク site:jimdofree.com -占い -タロット -霊視 -手相 -姓名判断 -占星術 -fortune -tarot -astrology -鑑定 -占術 -学校 -大学 -高校 -専門学校 -研究 -研究所 -協会 -法人 -団体 -講座 -スクール -セミナー -求人 -行政 -病院 -クリニック -学会 -支援センター -学校 -病院 -クリニック -協会 -団体 -求人 -行政,1,2,,,,,,,,,
0101,エネルギーマスターセラピー,https://waku2raku2.jimdofree.com/,,函館市 エネルギーワーク site:jimdofree.com -占い -タロット -霊視 -手相 -姓名判断 -占星術 -fortune -tarot -astrology -鑑定 -占術 -学校 -大学 -高校 -専門学校 -研究 -研究所 -協会 -法人 -団体 -講座 -スクール -セミナー -求人 -行政 -病院 -クリニック -学会 -支援センター -学校 -病院 -クリニック -協会 -団体 -求人 -行政,1,2,,,,,,,,,
0102,エネルギーワーク,https://cosmoeffect.jimdofree.com/,,函館市 エネルギーワーク site:jimdofree.com -占い -タロット -霊視 -手相 -姓名判断 -占星術 -fortune -tarot -astrology -鑑定 -占術 -学校 -大学 -高校 -専門学校 -研究 -研究所 -協会 -法人 -団体 -講座 -スクール -セミナー -求人 -行政 -病院 -クリニック -学会 -支援センター -学校 -病院 -クリニック -協会 -団体 -求人 -行政,1,2,,,,,,,,,
0103,エネルギーワーク,https://niniginochikara.jimdofree.com/,,函館市 エネルギーワーク site:jimdofree.com -占い -タロット -霊視 -手相 -姓名判断 -占星術 -fortune -tarot -astrology -鑑定 -占術 -学校 -大学 -高校 -専門学校 -研究 -研究所 -協会 -法人 -団体 -講座 -スクール -セミナー -求人 -行政 -病院 -クリニック -学会 -支援センター -学校 -病院 -クリニック -協会 -団体 -求人 -行政,1,2,,,,,,,,,
0104,エネルギーワークレッスン,https://dolphin-healing-time.jimdofree.com/,,函館市 エネルギーワーク site:jimdofree.com -占い -タロット -霊視 -手相 -姓名判断 -占星術 -fortune -tarot -astrology -鑑定 -占術 -学校 -大学 -高校 -専門学校 -研究 -研究所 -協会 -法人 -団体 -講座 -スクール -セミナー -求人 -行政 -病院 -クリニック -学会 -支援センター -学校 -病院 -クリニック -協会 -団体 -求人 -行政,1,2,,,,,,,,,
0105,カウンセリングルーム マリーゴールド,https://counselingmarigold.jimdofree.com/,,函館市 心理カウンセリング 女性専用 -占い -タロット -霊視 -手相 -姓名判断 -占星術 -fortune -tarot -astrology -鑑定 -占術 -学校 -大学 -高校 -専門学校 -研究 -研究所 -協会 -法人 -団体 -講座 -スクール -セミナー -求人 -行政 -病院 -クリニック -学会 -支援センター -学校 -病院 -クリニック -協会 -団体 -求人 -行政,1,2,,,,,,,,,
0106,リーブス認定ヒーラーとしてのヒーリング・プラクティス,https://twin-stars.jimdofree.com/,,函館市 エネルギーワーク site:jimdofree.com -占い -タロット -霊視 -手相 -姓名判断 -占星術 -fortune -tarot -astrology -鑑定 -占術 -学校 -大学 -高校 -専門学校 -研究 -研究所 -協会 -法人 -団体 -講座 -スクール -セミナー -求人 -行政 -病院 -クリニック -学会 -支援センター -学校 -病院 -クリニック -協会 -団体 -求人 -行政,1,2,,,,,,,,,
0107,各種ヒーリング・エネルギーワーク,https://healingarden.jimdofree.com/,,函館市 エネルギーワーク プライベートサロン -占い -タロット -霊視 -手相 -姓名判断 -占星術 -fortune -tarot -astrology -鑑定 -占術 -学校 -大学 -高校 -専門学校 -研究 -研究所 -協会 -法人 -団体 -講座 -スクール -セミナー -求人 -行政 -病院 -クリニック -学会 -支援センター -学校 -病院 -クリニック -協会 -団体 -求人 -行政,1,2,,,,,,,,,
0108,所持エネルギーワーク一覧,https://monadclear.jimdofree.com/,,函館市 エネルギーワーク site:jimdofree.com -占い -タロット -霊視 -手相 -姓名判断 -占星術 -fortune -tarot -astrology -鑑定 -占術 -学校 -大学 -高校 -専門学校 -研究 -研究所 -協会 -法人 -団体 -講座 -スクール -セミナー -求人 -行政 -病院 -クリニック -学会 -支援センター -学校 -病院 -クリニック -協会 -団体 -求人 -行政,1,2,,,,,,,,,
0109,虹の女神イリス,https://alamhamon.jimdofree.com/,,函館市 エネルギーワーク site:jimdofree.com -占い -タロット -霊視 -手相 -姓名判断 -占星術 -fortune -tarot -astrology -鑑定 -占術 -学校 -大学 -高校 -専門学校 -研究 -研究所 -協会 -法人 -団体 -講座 -スクール -セミナー -求人 -行政 -病院 -クリニック -学会 -支援センター -学校 -病院 -クリニック -協会 -団体 -求人 -行政,1,2,,,,,,,,,
0110,BlueSun リンパドレナージュのサロンです。,https://r.goope.jp/,,北見市 潜在意識 自宅サロン site:goope.jp -占い -タロット -霊視 -手相 -姓名判断 -占星術 -fortune -tarot -astrology -鑑定 -占術 -学校 -大学 -高校 -専門学校 -研究 -研究所 -協会 -法人 -団体 -講座 -スクール -セミナー -求人 -行政 -病院 -クリニック -学会 -支援センター -学校 -病院 -クリニック -協会 -団体 -求人 -行政,1,2,,,,,,,,,
0111,SALON prive ANGEL,https://46th8.crayonsite.com/,,北見市 セッション site:crayonsite.com -占い -タロット -霊視 -手相 -姓名判断 -占星術 -fortune -tarot -astrology -鑑定 -占術 -学校 -大学 -高校 -専門学校 -研究 -研究所 -協会 -法人 -団体 -講座 -スクール -セミナー -求人 -行政 -病院 -クリニック -学会 -支援センター -学校 -病院 -クリニック -協会 -団体 -求人 -行政,1,2,,,,,,,,,
0112,healing salon cuore,https://3kx5p.crayonsite.com/,,北見市 セッション site:crayonsite.com -占い -タロット -霊視 -手相 -姓名判断 -占星術 -fortune -tarot -astrology -鑑定 -占術 -学校 -大学 -高校 -専門学校 -研究 -研究所 -協会 -法人 -団体 -講座 -スクール -セミナー -求人 -行政 -病院 -クリニック -学会 -支援センター -学校 -病院 -クリニック -協会 -団体 -求人 -行政,1,2,,,,,,,,,
0113,施術メニュー,https://w2af9.crayonsite.com/,,北見市 潜在意識 自宅サロン site:crayonsite.com -占い -タロット -霊視 -手相 -姓名判断 -占星術 -fortune -tarot -astrology -鑑定 -占術 -学校 -大学 -高校 -専門学校 -研究 -研究所 -協会 -法人 -団体 -講座 -スクール -セミナー -求人 -行政 -病院 -クリニック -学会 -支援センター -学校 -病院 -クリニック -協会 -団体 -求人 -行政,1,2,,,,,,,,,
0114,ご予約・お問い合わせ 現在休業させていただいております。また再開の際には、宜しくお願い致します,https://light-of-the-angel.jimdofree.com/,,千歳市 ヒーリング 自宅サロン site:jimdofree.com -占い -タロット -霊視 -手相 -姓名判断 -占星術 -fortune -tarot -astrology -鑑定 -占術 -学校 -大学 -高校 -専門学校 -研究 -研究所 -協会 -法人 -団体 -講座 -スクール -セミナー -求人 -行政 -病院 -クリニック -学会 -支援センター -学校 -病院 -クリニック -協会 -団体 -求人 -行政,1,2,,,,,,,,,
0115,ヒーリングセッションのご予約,https://healing-hiroine.jimdofree.com/,,千歳市 ヒーリング 自宅サロン site:jimdofree.com -占い -タロット -霊視 -手相 -姓名判断 -占星術 -fortune -tarot -astrology -鑑定 -占術 -学校 -大学 -高校 -専門学校 -研究 -研究所 -協会 -法人 -団体 -講座 -スクール -セミナー -求人 -行政 -病院 -クリニック -学会 -支援センター -学校 -病院 -クリニック -協会 -団体 -求人 -行政,1,2,,,,,,,,,
0116,三種町 サロン 耳つぼジュエリー心のケア アトレ リンパケア オイルトリートメント アロマオイル ボディ リラクゼーション 足つぼ 揉みほぐし 能代,https://lymphcareattrait.crayonsite.com/,,千歳市 ヒーリング 自宅サロン site:crayonsite.com -占い -タロット -霊視 -手相 -姓名判断 -占星術 -fortune -tarot -astrology -鑑定 -占術 -学校 -大学 -高校 -専門学校 -研究 -研究所 -協会 -法人 -団体 -講座 -スクール -セミナー -求人 -行政 -病院 -クリニック -学会 -支援センター -学校 -病院 -クリニック -協会 -団体 -求人 -行政,1,2,,,,,,,,,
0117,身体の不調・体質改善・アレルギー・アトピー・眼疾患・視力悪化などなど全般の不調をサポート ホリスティックサロン ソレイユ 新鎌ヶ谷駅 徒歩7分,https://holisticsalonsoleil.crayonsite.com/,,千歳市 ヒーリング 自宅サロン site:crayonsite.com -占い -タロット -霊視 -手相 -姓名判断 -占星術 -fortune -tarot -astrology -鑑定 -占術 -学校 -大学 -高校 -専門学校 -研究 -研究所 -協会 -法人 -団体 -講座 -スクール -セミナー -求人 -行政 -病院 -クリニック -学会 -支援センター -学校 -病院 -クリニック -協会 -団体 -求人 -行政,1,2,,,,,,,,,
0118,アロマセラピー 英国式リフレクソロジーのエステ,https://therapy-family.jimdofree.com/,,小樽市 セラピー site:jimdofree.com -占い -タロット -霊視 -手相 -姓名判断 -占星術 -fortune -tarot -astrology -鑑定 -占術 -学校 -大学 -高校 -専門学校 -研究 -研究所 -協会 -法人 -団体 -講座 -スクール -セミナー -求人 -行政 -病院 -クリニック -学会 -支援センター -学校 -病院 -クリニック -協会 -団体 -求人 -行政,1,2,,,,,,,,,
0119,Ema Sound,https://ema-sound.jimdofree.com/,,小樽市 セラピー site:jimdofree.com -占い -タロット -霊視 -手相 -姓名判断 -占星術 -fortune -tarot -astrology -鑑定 -占術 -学校 -大学 -高校 -専門学校 -研究 -研究所 -協会 -法人 -団体 -講座 -スクール -セミナー -求人 -行政 -病院 -クリニック -学会 -支援センター -学校 -病院 -クリニック -協会 -団体 -求人 -行政,1,2,,,,,,,,,
0120,Lien,https://lien-kuki.crayonsite.com/,,札幌市 カウンセリング 自宅サロン site:crayonsite.com -占い -タロット -霊視 -手相 -姓名判断 -占星術 -fortune -tarot -astrology -鑑定 -占術 -学校 -大学 -高校 -専門学校 -研究 -研究所 -協会 -法人 -団体 -講座 -スクール -セミナー -求人 -行政 -病院 -クリニック -学会 -支援センター -学校 -病院 -クリニック -協会 -団体 -求人 -行政,1,2,,,,,,,,,
0121,Relaxation salon repos,https://repos-1223.crayonsite.com/,,札幌市 カウンセリング 自宅サロン site:crayonsite.com -占い -タロット -霊視 -手相 -姓名判断 -占星術 -fortune -tarot -astrology -鑑定 -占術 -学校 -大学 -高校 -専門学校 -研究 -研究所 -協会 -法人 -団体 -講座 -スクール -セミナー -求人 -行政 -病院 -クリニック -学会 -支援センター -学校 -病院 -クリニック -協会 -団体 -求人 -行政,1,2,,,,,,,,,
0122,aromatherapy salon Retour,https://retour.crayonsite.com/,,札幌市 カウンセリング 自宅サロン site:crayonsite.com -占い -タロット -霊視 -手相 -姓名判断 -占星術 -fortune -tarot -astrology -鑑定 -占術 -学校 -大学 -高校 -専門学校 -研究 -研究所 -協会 -法人 -団体 -講座 -スクール -セミナー -求人 -行政 -病院 -クリニック -学会 -支援センター -学校 -病院 -クリニック -協会 -団体 -求人 -行政,1,2,,,,,,,,,
0123,praivatesalon,https://kaon.crayonsite.com/,,札幌市 カウンセリング 自宅サロン site:crayonsite.com -占い -タロット -霊視 -手相 -姓名判断 -占星術 -fortune -tarot -astrology -鑑定 -占術 -学校 -大学 -高校 -専門学校 -研究 -研究所 -協会 -法人 -団体 -講座 -スクール -セミナー -求人 -行政 -病院 -クリニック -学会 -支援センター -学校 -病院 -クリニック -協会 -団体 -求人 -行政,1,2,,,,,,,,,
0124,DST式多次元ヒプノセラピー,https://reserva.be/healingsalonteff/,,札幌市 ヒプノセラピー site:reserva.be -占い -タロット -霊視 -手相 -姓名判断 -占星術 -fortune -tarot -astrology -鑑定 -占術 -学校 -大学 -高校 -専門学校 -研究 -研究所 -協会 -法人 -団体 -講座 -スクール -セミナー -求人 -行政 -病院 -クリニック -学会 -支援センター -学校 -病院 -クリニック -協会 -団体 -求人 -行政,1,2,,,,,,,,,
0125,おうちsalon Hog Hug,https://hoghug.crayonsite.com/,,札幌市 ヒーリング 自宅サロン -占い -タロット -霊視 -手相 -姓名判断 -占星術 -fortune -tarot -astrology -鑑定 -占術 -学校 -大学 -高校 -専門学校 -研究 -研究所 -協会 -法人 -団体 -講座 -スクール -セミナー -求人 -行政 -病院 -クリニック -学会 -支援センター -学校 -病院 -クリニック -協会 -団体 -求人 -行政,1,2,,,,,,,,,
0126,サロン移転のお知らせ,https://r.goope.jp/,,札幌市 カウンセリング 自宅サロン site:goope.jp -占い -タロット -霊視 -手相 -姓名判断 -占星術 -fortune -tarot -astrology -鑑定 -占術 -学校 -大学 -高校 -専門学校 -研究 -研究所 -協会 -法人 -団体 -講座 -スクール -セミナー -求人 -行政 -病院 -クリニック -学会 -支援センター -学校 -病院 -クリニック -協会 -団体 -求人 -行政,1,2,,,,,,,,,
0127,ヒプノセラピー,https://reserva.be/anahita/,,札幌市 ヒプノセラピー site:reserva.be -占い -タロット -霊視 -手相 -姓名判断 -占星術 -fortune -tarot -astrology -鑑定 -占術 -学校 -大学 -高校 -専門学校 -研究 -研究所 -協会 -法人 -団体 -講座 -スクール -セミナー -求人 -行政 -病院 -クリニック -学会 -支援センター -学校 -病院 -クリニック -協会 -団体 -求人 -行政,1,2,,,,,,,,,
0128,ヒプノセラピー無料体験,https://reserva.be/therapy0001/,,札幌市 ヒプノセラピー site:reserva.be -占い -タロット -霊視 -手相 -姓名判断 -占星術 -fortune -tarot -astrology -鑑定 -占術 -学校 -大学 -高校 -専門学校 -研究 -研究所 -協会 -法人 -団体 -講座 -スクール -セミナー -求人 -行政 -病院 -クリニック -学会 -支援センター -学校 -病院 -クリニック -協会 -団体 -求人 -行政,1,2,,,,,,,,,
0129,ヒーリングサロン想,https://kokoro-kounosima.crayonsite.com/,,札幌市 カウンセリング 自宅サロン site:crayonsite.com -占い -タロット -霊視 -手相 -姓名判断 -占星術 -fortune -tarot -astrology -鑑定 -占術 -学校 -大学 -高校 -専門学校 -研究 -研究所 -協会 -法人 -団体 -講座 -スクール -セミナー -求人 -行政 -病院 -クリニック -学会 -支援センター -学校 -病院 -クリニック -協会 -団体 -求人 -行政,1,2,,,,,,,,,
0130,フラワーカードカウンセリング,https://happyring-flowertherapy.jimdofree.com/,,札幌市 カウンセリング 自宅サロン site:jimdofree.com -占い -タロット -霊視 -手相 -姓名判断 -占星術 -fortune -tarot -astrology -鑑定 -占術 -学校 -大学 -高校 -専門学校 -研究 -研究所 -協会 -法人 -団体 -講座 -スクール -セミナー -求人 -行政 -病院 -クリニック -学会 -支援センター -学校 -病院 -クリニック -協会 -団体 -求人 -行政,1,2,,,,,,,,,
0131,メニュー表,https://cumplir.crayonsite.com/,,札幌市 カウンセリング 自宅サロン site:crayonsite.com -占い -タロット -霊視 -手相 -姓名判断 -占星術 -fortune -tarot -astrology -鑑定 -占術 -学校 -大学 -高校 -専門学校 -研究 -研究所 -協会 -法人 -団体 -講座 -スクール -セミナー -求人 -行政 -病院 -クリニック -学会 -支援センター -学校 -病院 -クリニック -協会 -団体 -求人 -行政,1,2,,,,,,,,,
0132,札幌円山リラクゼーションエステ＆整体＆リフレクソロジー,https://hs-cocoro.com/,,札幌市 カウンセリング 完全予約制 隠れ家サロン 1日1名 -占い -タロット -霊視 -手相 -姓名判断 -占星術 -fortune -tarot -astrology -鑑定 -占術 -学校 -大学 -高校 -専門学校 -研究 -研究所 -協会 -法人 -団体 -講座 -スクール -セミナー -求人 -行政 -病院 -クリニック -学会 -支援センター -学校 -病院 -クリニック -協会 -団体 -求人 -行政,1,2,,,,,,,,,
0133,脱毛専門店 リラクゼーションサロンRaRa,https://inarara.crayonsite.com/,,札幌市 カウンセリング 自宅サロン site:crayonsite.com -占い -タロット -霊視 -手相 -姓名判断 -占星術 -fortune -tarot -astrology -鑑定 -占術 -学校 -大学 -高校 -専門学校 -研究 -研究所 -協会 -法人 -団体 -講座 -スクール -セミナー -求人 -行政 -病院 -クリニック -学会 -支援センター -学校 -病院 -クリニック -協会 -団体 -求人 -行政,1,2,,,,,,,,,
0134,＊Brillante＊小さな自宅サロン＊,https://salon-brillante.jimdofree.com/,,札幌市 カウンセリング 自宅サロン site:jimdofree.com -占い -タロット -霊視 -手相 -姓名判断 -占星術 -fortune -tarot -astrology -鑑定 -占術 -学校 -大学 -高校 -専門学校 -研究 -研究所 -協会 -法人 -団体 -講座 -スクール -セミナー -求人 -行政 -病院 -クリニック -学会 -支援センター -学校 -病院 -クリニック -協会 -団体 -求人 -行政,1,2,,,,,,,,,
0135,もみもみのっぽろ 公式予約ページ,https://reserva.be/momimominopporo/,,江別市 カウンセリング site:reserva.be -占い -タロット -霊視 -手相 -姓名判断 -占星術 -fortune -tarot -astrology -鑑定 -占術 -学校 -大学 -高校 -専門学校 -研究 -研究所 -協会 -法人 -団体 -講座 -スクール -セミナー -求人 -行政 -病院 -クリニック -学会 -支援センター -学校 -病院 -クリニック -協会 -団体 -求人 -行政,1,2,,,,,,,,,
0136,プライベートレッスン、セッション,https://studio-chouchou.jimdofree.com/,,江別市 セッション 自宅サロン site:jimdofree.com -占い -タロット -霊視 -手相 -姓名判断 -占星術 -fortune -tarot -astrology -鑑定 -占術 -学校 -大学 -高校 -専門学校 -研究 -研究所 -協会 -法人 -団体 -講座 -スクール -セミナー -求人 -行政 -病院 -クリニック -学会 -支援センター -学校 -病院 -クリニック -協会 -団体 -求人 -行政,1,2,,,,,,,,,
0137,モニカと私カウンセリング予約ページ,https://reserva.be/acceptance/,,江別市 カウンセリング site:reserva.be -占い -タロット -霊視 -手相 -姓名判断 -占星術 -fortune -tarot -astrology -鑑定 -占術 -学校 -大学 -高校 -専門学校 -研究 -研究所 -協会 -法人 -団体 -講座 -スクール -セミナー -求人 -行政 -病院 -クリニック -学会 -支援センター -学校 -病院 -クリニック -協会 -団体 -求人 -行政,1,2,,,,,,,,,
0138,レイキ,https://azariah.jimdofree.com/,,苫小牧市 レイキ 個人サロン 1人運営 完全予約制 -占い -タロット -霊視 -手相 -姓名判断 -占星術 -fortune -tarot -astrology -鑑定 -占術 -学校 -大学 -高校 -専門学校 -研究 -研究所 -協会 -法人 -団体 -講座 -スクール -セミナー -求人 -行政 -病院 -クリニック -学会 -支援センター -学校 -病院 -クリニック -協会 -団体 -求人 -行政,1,2,,,,,,,,,
0139,ヒーリングサロン・ズー,https://r.goope.jp/,,釧路市 ヒーリング site:goope.jp -占い -タロット -霊視 -手相 -姓名判断 -占星術 -fortune -tarot -astrology -鑑定 -占術 -学校 -大学 -高校 -専門学校 -研究 -研究所 -協会 -法人 -団体 -講座 -スクール -セミナー -求人 -行政 -病院 -クリニック -学会 -支援センター -学校 -病院 -クリニック -協会 -団体 -求人 -行政,1,2,,,,,,,,,
0140,気導セラピー Happy∞Smile,https://happy8smile25.crayonsite.com/,,釧路市 潜在意識 個人サロン 1人運営 完全予約制 -占い -タロット -霊視 -手相 -姓名判断 -占星術 -fortune -tarot -astrology -鑑定 -占術 -学校 -大学 -高校 -専門学校 -研究 -研究所 -協会 -法人 -団体 -講座 -スクール -セミナー -求人 -行政 -病院 -クリニック -学会 -支援センター -学校 -病院 -クリニック -協会 -団体 -求人 -行政,1,2,,,,,,,,,
0141,釧路カウンセリングルーム,https://sakulayuli.wixsite.com/,,旭川市 カウンセリング site:wixsite.com -占い -タロット -霊視 -手相 -姓名判断 -占星術 -fortune -tarot -astrology -鑑定 -占術 -学校 -大学 -高校 -専門学校 -研究 -研究所 -協会 -法人 -団体 -講座 -スクール -セミナー -求人 -行政 -病院 -クリニック -学会 -支援センター -学校 -病院 -クリニック -協会 -団体 -求人 -行政,1,2,,,,,,,,,
0142,カウンセリングオフィスMELOはこだて,https://reserva.be/melohakodate/,,函館市 心理カウンセリング 女性専用 -占い -タロット -霊視 -手相 -姓名判断 -占星術 -fortune -tarot -astrology -鑑定 -占術 -学校 -大学 -高校 -専門学校 -研究 -研究所 -協会 -法人 -団体 -講座 -スクール -セミナー -求人 -行政 -病院 -クリニック -学会 -支援センター -学校 -病院 -クリニック -協会 -団体 -求人 -行政,1,2,,,,,,,,,
0143,光のサロン スピリチュアルカウンセリング,https://light.st/,,北見市 スピリチュアルカウンセリング 個人サロン 1人運営 完全予約制 -占い -タロット -霊視 -手相 -姓名判断 -占星術 -fortune -tarot -astrology -鑑定 -占術 -学校 -大学 -高校 -専門学校 -研究 -研究所 -協会 -法人 -団体 -講座 -スクール -セミナー -求人 -行政 -病院 -クリニック -学会 -支援センター -学校 -病院 -クリニック -協会 -団体 -求人 -行政,1,2,,,,,,,,,
0144,エネルギーワーク,https://style-imagery.net/,,千歳市 エネルギーワーク 完全予約制 -占い -タロット -霊視 -手相 -姓名判断 -占星術 -fortune -tarot -astrology -鑑定 -占術 -学校 -大学 -高校 -専門学校 -研究 -研究所 -協会 -法人 -団体 -講座 -スクール -セミナー -求人 -行政 -病院 -クリニック -学会 -支援センター -学校 -病院 -クリニック -協会 -団体 -求人 -行政,1,2,,,,,,,,,
0145,サービス,https://energywork-project.com/,,千歳市 エネルギーワーク 完全予約制 -占い -タロット -霊視 -手相 -姓名判断 -占星術 -fortune -tarot -astrology -鑑定 -占術 -学校 -大学 -高校 -専門学校 -研究 -研究所 -協会 -法人 -団体 -講座 -スクール -セミナー -求人 -行政 -病院 -クリニック -学会 -支援センター -学校 -病院 -クリニック -協会 -団体 -求人 -行政,1,2,,,,,,,,,
0146,個人セッション,https://light-angel.com/,,帯広市 ヒプノセラピー 個人サロン 1人運営 完全予約制 -占い -タロット -霊視 -手相 -姓名判断 -占星術 -fortune -tarot -astrology -鑑定 -占術 -学校 -大学 -高校 -専門学校 -研究 -研究所 -協会 -法人 -団体 -講座 -スクール -セミナー -求人 -行政 -病院 -クリニック -学会 -支援センター -学校 -病院 -クリニック -協会 -団体 -求人 -行政,1,2,,,,,,,,,
0147,ヒーリング セラピー,https://reiki-maisha.com/,,札幌市 ヒーリング 自宅サロン -占い -タロット -霊視 -手相 -姓名判断 -占星術 -fortune -tarot -astrology -鑑定 -占術 -学校 -大学 -高校 -専門学校 -研究 -研究所 -協会 -法人 -団体 -講座 -スクール -セミナー -求人 -行政 -病院 -クリニック -学会 -支援センター -学校 -病院 -クリニック -協会 -団体 -求人 -行政,1,2,,,,,,,,,
0148,プライベートカウンセリングサロンjuju,https://counseling-juju.crayonsite.net/,,江別市 カウンセリング プライベートサロン -占い -タロット -霊視 -手相 -姓名判断 -占星術 -fortune -tarot -astrology -鑑定 -占術 -学校 -大学 -高校 -専門学校 -研究 -研究所 -協会 -法人 -団体 -講座 -スクール -セミナー -求人 -行政 -病院 -クリニック -学会 -支援センター -学校 -病院 -クリニック -協会 -団体 -求人 -行政,1,2,,,,,,,,,
0149,江別市内でのリフレクソロジーとリンパドレナージュのヒーリング ...,https://reflexologyhasu.web.fc2.com/,,江別市 セラピー 自宅サロン -占い -タロット -霊視 -手相 -姓名判断 -占星術 -fortune -tarot -astrology -鑑定 -占術 -学校 -大学 -高校 -専門学校 -研究 -研究所 -協会 -法人 -団体 -講座 -スクール -セミナー -求人 -行政 -病院 -クリニック -学会 -支援センター -学校 -病院 -クリニック -協会 -団体 -求人 -行政,1,2,,,,,,,,,
0150,遠隔エネルギーワーク,https://heal-ebody.com/,,千歳市 エネルギーワーク 完全予約制 -占い -タロット -霊視 -手相 -姓名判断 -占星術 -fortune -tarot -astrology -鑑定 -占術 -学校 -大学 -高校 -専門学校 -研究 -研究所 -協会 -法人 -団体 -講座 -スクール -セミナー -求人 -行政 -病院 -クリニック -学会 -支援センター -学校 -病院 -クリニック -協会 -団体 -求人 -行政,1,2,,,,,,,,,